date,Admin2,Province_State,Country_Region,Last_Update,Lat,Long_,Confirmed,Deaths,Recovered,Active,Combined_Key,Incident_Rate,Case_Fatality_Ratio,,,,,,,,,,,,
09-01-2021,,Beijing,China,2021-09-02 04:21:15,40.1824,116.4142,1117,9,,,"Beijing, China",5.102065286,0.805729633,,,,,,,,,,,,
09-02-2021,,Beijing,China,2021-09-03 04:21:20,40.1824,116.4142,1117,9,,,"Beijing, China",5.102065286,0.805729633,,,,,,,,,,,,
09-03-2021,,Beijing,China,2021-09-04 04:21:28,40.1824,116.4142,1117,9,,,"Beijing, China",5.102065286,0.805729633,,,,,,,,,,,,
09-04-2021,,Beijing,China,2021-09-05 04:21:33,40.1824,116.4142,1118,9,,,"Beijing, China",5.106632936,0.805008945,,,,,,,,,,,,
09-05-2021,,Beijing,China,2021-09-06 04:21:22,40.1824,116.4142,1118,9,,,"Beijing, China",5.106632936,0.805008945,,,,,,,,,,,,
09-06-2021,,Beijing,China,2021-09-07 04:21:35,40.1824,116.4142,1118,9,,,"Beijing, China",5.106632936,0.805008945,,,,,,,,,,,,
09-07-2021,,Beijing,China,2021-09-08 04:21:31,40.1824,116.4142,1118,9,,,"Beijing, China",5.106632936,0.805008945,,,,,,,,,,,,
09-08-2021,,Beijing,China,2021-09-09 04:21:27,40.1824,116.4142,1118,9,,,"Beijing, China",5.106632936,0.805008945,,,,,,,,,,,,
09-09-2021,,Beijing,China,2021-09-10 04:21:20,40.1824,116.4142,1118,9,,,"Beijing, China",5.106632936,0.805008945,,,,,,,,,,,,
09-10-2021,,Beijing,China,2021-09-11 04:21:30,40.1824,116.4142,1118,9,,,"Beijing, China",5.106632936,0.805008945,,,,,,,,,,,,
09-11-2021,,Beijing,China,2021-09-12 04:21:13,40.1824,116.4142,1118,9,,,"Beijing, China",5.106632936,0.805008945,,,,,,,,,,,,
09-12-2021,,Beijing,China,2021-09-13 04:21:15,40.1824,116.4142,1118,9,,,"Beijing, China",5.106632936,0.805008945,,,,,,,,,,,,
09-13-2021,,Beijing,China,2021-09-14 04:21:41,40.1824,116.4142,1119,9,,,"Beijing, China",5.111200586,0.804289544,,,,,,,,,,,,
09-14-2021,,Beijing,China,2021-09-15 03:22:37,40.1824,116.4142,1119,9,,,"Beijing, China",5.111200586,0.804289544,,,,,,,,,,,,
09-15-2021,,Beijing,China,2021-09-16 04:22:19,40.1824,116.4142,1119,9,,,"Beijing, China",5.111200586,0.804289544,,,,,,,,,,,,
09-16-2021,,Beijing,China,2021-09-17 04:21:46,40.1824,116.4142,1119,9,,,"Beijing, China",5.111200586,0.804289544,,,,,,,,,,,,
09-17-2021,,Beijing,China,2021-09-18 04:21:24,40.1824,116.4142,1119,9,,,"Beijing, China",5.111200586,0.804289544,,,,,,,,,,,,
09-18-2021,,Beijing,China,2021-09-19 04:21:34,40.1824,116.4142,1119,9,,,"Beijing, China",5.111200586,0.804289544,,,,,,,,,,,,
09-19-2021,,Beijing,China,2021-09-20 04:21:22,40.1824,116.4142,1119,9,,,"Beijing, China",5.111200586,0.804289544,,,,,,,,,,,,
09-20-2021,,Beijing,China,2021-09-21 04:21:26,40.1824,116.4142,1119,9,,,"Beijing, China",5.111200586,0.804289544,,,,,,,,,,,,
09-21-2021,,Beijing,China,2021-09-22 04:21:45,40.1824,116.4142,1119,9,,,"Beijing, China",5.111200586,0.804289544,,,,,,,,,,,,
09-22-2021,,Beijing,China,2021-09-23 04:21:43,40.1824,116.4142,1119,9,,,"Beijing, China",5.111200586,0.804289544,,,,,,,,,,,,
09-23-2021,,Beijing,China,2021-09-24 04:21:44,40.1824,116.4142,1119,9,,,"Beijing, China",5.111200586,0.804289544,,,,,,,,,,,,
09-24-2021,,Beijing,China,2021-09-25 04:21:31,40.1824,116.4142,1120,9,,,"Beijing, China",5.115768237,0.803571429,,,,,,,,,,,,
09-25-2021,,Beijing,China,2021-09-26 04:21:29,40.1824,116.4142,1120,9,,,"Beijing, China",5.115768237,0.803571429,,,,,,,,,,,,
09-26-2021,,Beijing,China,2021-09-27 04:21:16,40.1824,116.4142,1123,9,,,"Beijing, China",5.129471187,0.801424755,,,,,,,,,,,,
09-27-2021,,Beijing,China,2021-09-28 04:21:28,40.1824,116.4142,1123,9,,,"Beijing, China",5.129471187,0.801424755,,,,,,,,,,,,
09-28-2021,,Beijing,China,2021-09-29 04:21:45,40.1824,116.4142,1123,9,,,"Beijing, China",5.129471187,0.801424755,,,,,,,,,,,,
09-29-2021,,Beijing,China,2021-09-30 04:21:20,40.1824,116.4142,1123,9,,,"Beijing, China",5.129471187,0.801424755,,,,,,,,,,,,
09-30-2021,,Beijing,China,2021-10-01 04:21:35,40.1824,116.4142,1124,9,,,"Beijing, China",5.134038837,0.800711744,,,,,,,,,,,,
10-01-2021,,Beijing,China,2021-10-02 04:21:25,40.1824,116.4142,1124,9,,,"Beijing, China",5.134038837,0.800711744,,,,,,,,,,,,
10-02-2021,,Beijing,China,2021-10-03 04:21:24,40.1824,116.4142,1124,9,,,"Beijing, China",5.134038837,0.800711744,,,,,,,,,,,,
10-03-2021,,Beijing,China,2021-10-04 04:21:31,40.1824,116.4142,1125,9,,,"Beijing, China",5.138606488,0.8,,,,,,,,,,,,
10-04-2021,,Beijing,China,2021-10-05 04:21:27,40.1824,116.4142,1125,9,,,"Beijing, China",5.138606488,0.8,,,,,,,,,,,,
10-05-2021,,Beijing,China,2021-10-06 04:21:33,40.1824,116.4142,1125,9,,,"Beijing, China",5.138606488,0.8,,,,,,,,,,,,
10-06-2021,,Beijing,China,2021-10-07 04:21:36,40.1824,116.4142,1126,9,,,"Beijing, China",5.143174138,0.79928952,,,,,,,,,,,,
10-07-2021,,Beijing,China,2021-10-08 04:21:25,40.1824,116.4142,1126,9,,,"Beijing, China",5.143174138,0.79928952,,,,,,,,,,,,
10-08-2021,,Beijing,China,2021-10-09 04:21:34,40.1824,116.4142,1126,9,,,"Beijing, China",5.143174138,0.79928952,,,,,,,,,,,,
10-09-2021,,Beijing,China,2021-10-10 04:21:38,40.1824,116.4142,1126,9,,,"Beijing, China",5.143174138,0.79928952,,,,,,,,,,,,
10-10-2021,,Beijing,China,2021-10-11 04:21:31,40.1824,116.4142,1126,9,,,"Beijing, China",5.143174138,0.79928952,,,,,,,,,,,,
10-11-2021,,Beijing,China,2021-10-12 04:21:09,40.1824,116.4142,1126,9,,,"Beijing, China",5.143174138,0.79928952,,,,,,,,,,,,
10-12-2021,,Beijing,China,2021-10-13 04:20:51,40.1824,116.4142,1127,9,,,"Beijing, China",5.147741788,0.798580302,,,,,,,,,,,,
10-13-2021,,Beijing,China,2021-10-14 04:21:29,40.1824,116.4142,1127,9,,,"Beijing, China",5.147741788,0.798580302,,,,,,,,,,,,
10-14-2021,,Beijing,China,2021-10-15 04:21:26,40.1824,116.4142,1127,9,,,"Beijing, China",5.147741788,0.798580302,,,,,,,,,,,,
10-15-2021,,Beijing,China,2021-10-16 04:21:15,40.1824,116.4142,1127,9,,,"Beijing, China",5.147741788,0.798580302,,,,,,,,,,,,
10-16-2021,,Beijing,China,2021-10-17 04:21:29,40.1824,116.4142,1128,9,,,"Beijing, China",5.152309438,0.79787234,,,,,,,,,,,,
10-17-2021,,Beijing,China,2021-10-18 04:21:10,40.1824,116.4142,1128,9,,,"Beijing, China",5.152309438,0.79787234,,,,,,,,,,,,
10-18-2021,,Beijing,China,2021-10-19 04:20:54,40.1824,116.4142,1128,9,,,"Beijing, China",5.152309438,0.79787234,,,,,,,,,,,,
10-19-2021,,Beijing,China,2021-10-20 04:21:00,40.1824,116.4142,1129,9,,,"Beijing, China",5.156877088,0.797165633,,,,,,,,,,,,
10-20-2021,,Beijing,China,2021-10-21 04:21:18,40.1824,116.4142,1129,9,,,"Beijing, China",5.156877088,0.797165633,,,,,,,,,,,,
10-21-2021,,Beijing,China,2021-10-22 04:21:14,40.1824,116.4142,1130,9,,,"Beijing, China",5.161444739,0.796460177,,,,,,,,,,,,
10-22-2021,,Beijing,China,2021-10-23 04:21:32,40.1824,116.4142,1136,9,,,"Beijing, China",5.18885064,0.792253521,,,,,,,,,,,,
10-23-2021,,Beijing,China,2021-10-24 04:21:22,40.1824,116.4142,1141,9,,,"Beijing, China",5.211688891,0.78878177,,,,,,,,,,,,
10-24-2021,,Beijing,China,2021-10-25 04:22:31,40.1824,116.4142,1143,9,,,"Beijing, China",5.220824191,0.787401575,,,,,,,,,,,,
10-25-2021,,Beijing,China,2021-10-26 04:22:09,40.1824,116.4142,1147,9,,,"Beijing, China",5.239094792,0.784655623,,,,,,,,,,,,
10-26-2021,,Beijing,China,2021-10-27 04:22:32,40.1824,116.4142,1150,9,,,"Beijing, China",5.252797743,0.782608696,,,,,,,,,,,,
10-27-2021,,Beijing,China,2021-10-28 04:22:08,40.1824,116.4142,1154,9,,,"Beijing, China",5.271068344,0.779896014,,,,,,,,,,,,
10-28-2021,,Beijing,China,2021-10-29 04:22:03,40.1824,116.4142,1157,9,,,"Beijing, China",5.284771294,0.777873812,,,,,,,,,,,,
10-29-2021,,Beijing,China,2021-10-30 04:22:03,40.1824,116.4142,1161,9,,,"Beijing, China",5.303041895,0.775193798,,,,,,,,,,,,
10-30-2021,,Beijing,China,2021-10-31 04:22:08,40.1824,116.4142,1162,9,,,"Beijing, China",5.307609545,0.774526678,,,,,,,,,,,,
10-31-2021,,Beijing,China,2021-11-01 04:22:01,40.1824,116.4142,1162,9,,,"Beijing, China",5.307609545,0.774526678,,,,,,,,,,,,
11-01-2021,,Beijing,China,2021-11-02 04:22:03,40.1824,116.4142,1164,9,,,"Beijing, China",5.316744846,0.773195876,,,,,,,,,,,,
11-02-2021,,Beijing,China,2021-11-03 06:22:09,40.1824,116.4142,1173,9,,,"Beijing, China",5.357853698,0.767263427,,,,,,,,,,,,
11-03-2021,,Beijing,China,2021-11-04 04:22:20,40.1824,116.4142,1173,9,,,"Beijing, China",5.357853698,0.767263427,,,,,,,,,,,,
11-04-2021,,Beijing,China,2021-11-05 04:21:54,40.1824,116.4142,1173,9,,,"Beijing, China",5.357853698,0.767263427,,,,,,,,,,,,
11-05-2021,,Beijing,China,2021-11-06 04:21:51,40.1824,116.4142,1173,9,,,"Beijing, China",5.357853698,0.767263427,,,,,,,,,,,,
11-06-2021,,Beijing,China,2021-11-07 04:21:53,40.1824,116.4142,1174,9,,,"Beijing, China",5.362421348,0.766609881,,,,,,,,,,,,
11-07-2021,,Beijing,China,2021-11-08 04:21:43,40.1824,116.4142,1175,9,,,"Beijing, China",5.366988998,0.765957447,,,,,,,,,,,,
11-08-2021,,Beijing,China,2021-11-09 04:21:36,40.1824,116.4142,1176,9,,,"Beijing, China",5.371556648,0.765306122,,,,,,,,,,,,
11-09-2021,,Beijing,China,2021-11-10 04:21:38,40.1824,116.4142,1177,9,,,"Beijing, China",5.376124299,0.764655905,,,,,,,,,,,,
11-10-2021,,Beijing,China,2021-11-11 04:21:45,40.1824,116.4142,1179,9,,,"Beijing, China",5.385259599,0.763358779,,,,,,,,,,,,
11-11-2021,,Beijing,China,2021-11-12 04:22:01,40.1824,116.4142,1183,9,,,"Beijing, China",5.4035302,0.760777684,,,,,,,,,,,,
11-12-2021,,Beijing,China,2021-11-13 04:21:38,40.1824,116.4142,1185,9,,,"Beijing, China",5.4126655,0.759493671,,,,,,,,,,,,
11-13-2021,,Beijing,China,2021-11-14 04:21:31,40.1824,116.4142,1185,9,,,"Beijing, China",5.4126655,0.759493671,,,,,,,,,,,,
11-14-2021,,Beijing,China,2021-11-15 04:21:36,40.1824,116.4142,1185,9,,,"Beijing, China",5.4126655,0.759493671,,,,,,,,,,,,
11-15-2021,,Beijing,China,2021-11-16 04:21:10,40.1824,116.4142,1186,9,,,"Beijing, China",5.41723315,0.758853288,,,,,,,,,,,,
11-16-2021,,Beijing,China,2021-11-17 04:21:48,40.1824,116.4142,1187,9,,,"Beijing, China",5.421800801,0.758213985,,,,,,,,,,,,
11-17-2021,,Beijing,China,2021-11-18 04:21:33,40.1824,116.4142,1190,9,,,"Beijing, China",5.435503751,0.756302521,,,,,,,,,,,,
11-18-2021,,Beijing,China,2021-11-19 04:21:40,40.1824,116.4142,1190,9,,,"Beijing, China",5.435503751,0.756302521,,,,,,,,,,,,
11-19-2021,,Beijing,China,2021-11-20 04:22:17,40.1824,116.4142,1190,9,,,"Beijing, China",5.435503751,0.756302521,,,,,,,,,,,,
11-20-2021,,Beijing,China,2021-11-21 04:22:13,40.1824,116.4142,1191,9,,,"Beijing, China",5.440071402,0.755667506,,,,,,,,,,,,
11-21-2021,,Beijing,China,2021-11-22 04:22:20,40.1824,116.4142,1191,9,,,"Beijing, China",5.440071402,0.755667506,,,,,,,,,,,,
11-22-2021,,Beijing,China,2021-11-23 04:22:39,40.1824,116.4142,1191,9,,,"Beijing, China",5.440071402,0.755667506,,,,,,,,,,,,
11-23-2021,,Beijing,China,2021-11-24 04:22:14,40.1824,116.4142,1191,9,,,"Beijing, China",5.440071402,0.755667506,,,,,,,,,,,,
11-24-2021,,Beijing,China,2021-11-25 04:22:33,40.1824,116.4142,1191,9,,,"Beijing, China",5.440071402,0.755667506,,,,,,,,,,,,
11-25-2021,,Beijing,China,2021-11-26 04:22:33,40.1824,116.4142,1191,9,,,"Beijing, China",5.440071402,0.755667506,,,,,,,,,,,,
11-26-2021,,Beijing,China,2021-11-27 04:22:45,40.1824,116.4142,1191,9,,,"Beijing, China",5.440071402,0.755667506,,,,,,,,,,,,
11-27-2021,,Beijing,China,2021-11-28 04:22:43,40.1824,116.4142,1191,9,,,"Beijing, China",5.440071402,0.755667506,,,,,,,,,,,,
11-28-2021,,Beijing,China,2021-11-29 04:22:30,40.1824,116.4142,1191,9,,,"Beijing, China",5.440071402,0.755667506,,,,,,,,,,,,
11-29-2021,,Beijing,China,2021-11-30 04:22:53,40.1824,116.4142,1191,9,,,"Beijing, China",5.440071402,0.755667506,,,,,,,,,,,,
11-30-2021,,Beijing,China,2021-12-01 04:22:29,40.1824,116.4142,1191,9,,,"Beijing, China",5.440071402,0.755667506,,,,,,,,,,,,
12-01-2021,,Beijing,China,2021-12-02 04:22:37,40.1824,116.4142,1191,9,,,"Beijing, China",5.440071402,0.755667506,,,,,,,,,,,,
12-02-2021,,Beijing,China,2021-12-03 04:23:05,40.1824,116.4142,1194,9,,,"Beijing, China",5.453774352,0.753768844,,,,,,,,,,,,
12-03-2021,,Beijing,China,2021-12-04 04:22:18,40.1824,116.4142,1194,9,,,"Beijing, China",5.453774352,0.753768844,,,,,,,,,,,,
12-04-2021,,Beijing,China,2021-12-05 04:22:25,40.1824,116.4142,1194,9,,,"Beijing, China",5.453774352,0.753768844,,,,,,,,,,,,
12-05-2021,,Beijing,China,2021-12-06 04:22:34,40.1824,116.4142,1194,9,,,"Beijing, China",5.453774352,0.753768844,,,,,,,,,,,,
12-06-2021,,Beijing,China,2021-12-07 04:22:34,40.1824,116.4142,1195,9,,,"Beijing, China",5.458342002,0.753138075,,,,,,,,,,,,
12-07-2021,,Beijing,China,2021-12-08 04:22:46,40.1824,116.4142,1195,9,,,"Beijing, China",5.458342002,0.753138075,,,,,,,,,,,,
12-08-2021,,Beijing,China,2021-12-09 04:22:49,40.1824,116.4142,1195,9,,,"Beijing, China",5.458342002,0.753138075,,,,,,,,,,,,
12-09-2021,,Beijing,China,2021-12-10 04:22:28,40.1824,116.4142,1196,9,,,"Beijing, China",5.462909653,0.752508361,,,,,,,,,,,,
12-10-2021,,Beijing,China,2021-12-11 04:22:45,40.1824,116.4142,1196,9,,,"Beijing, China",5.552460539,0.752508361,,,,,,,,,,,,
12-11-2021,,Beijing,China,2021-12-12 04:22:12,40.1824,116.4142,1196,9,,,"Beijing, China",5.552460539,0.752508361,,,,,,,,,,,,
12-12-2021,,Beijing,China,2021-12-13 04:22:02,40.1824,116.4142,1198,9,,,"Beijing, China",5.56174559,0.751252087,,,,,,,,,,,,
12-13-2021,,Beijing,China,2021-12-14 04:22:38,40.1824,116.4142,1198,9,,,"Beijing, China",5.56174559,0.751252087,,,,,,,,,,,,
12-14-2021,,Beijing,China,2021-12-15 03:22:16,40.1824,116.4142,1198,9,,,"Beijing, China",5.56174559,0.751252087,,,,,,,,,,,,
12-15-2021,,Beijing,China,2021-12-16 04:22:11,40.1824,116.4142,1198,9,,,"Beijing, China",5.56174559,0.751252087,,,,,,,,,,,,
12-16-2021,,Beijing,China,2021-12-17 04:22:14,40.1824,116.4142,1199,9,,,"Beijing, China",5.566388115,0.750625521,,,,,,,,,,,,
12-17-2021,,Beijing,China,2021-12-18 02:22:20,40.1824,116.4142,1200,9,,,"Beijing, China",5.571030641,0.75,,,,,,,,,,,,
12-18-2021,,Beijing,China,2021-12-19 04:21:11,40.1824,116.4142,1200,9,,,"Beijing, China",5.571030641,0.75,,,,,,,,,,,,
12-19-2021,,Beijing,China,2021-12-20 04:21:43,40.1824,116.4142,1204,9,,,"Beijing, China",5.589600743,0.747508306,,,,,,,,,,,,
12-20-2021,,Beijing,China,2021-12-21 03:21:27,40.1824,116.4142,1205,9,,,"Beijing, China",5.594243268,0.746887967,,,,,,,,,,,,
12-21-2021,,Beijing,China,2021-12-22 04:21:54,40.1824,116.4142,1205,9,,,"Beijing, China",5.594243268,0.746887967,,,,,,,,,,,,
12-22-2021,,Beijing,China,2021-12-23 04:21:21,40.1824,116.4142,1205,9,,,"Beijing, China",5.594243268,0.746887967,,,,,,,,,,,,
12-23-2021,,Beijing,China,2021-12-24 04:21:34,40.1824,116.4142,1205,9,,,"Beijing, China",5.594243268,0.746887967,,,,,,,,,,,,
12-24-2021,,Beijing,China,2021-12-25 04:21:37,40.1824,116.4142,1205,9,,,"Beijing, China",5.594243268,0.746887967,,,,,,,,,,,,
12-25-2021,,Beijing,China,2021-12-26 04:21:50,40.1824,116.4142,1206,9,,,"Beijing, China",5.598885794,0.746268657,,,,,,,,,,,,
12-26-2021,,Beijing,China,2021-12-27 04:21:58,40.1824,116.4142,1208,9,,,"Beijing, China",5.608170845,0.745033113,,,,,,,,,,,,
12-27-2021,,Beijing,China,2021-12-28 04:21:47,40.1824,116.4142,1208,9,,,"Beijing, China",5.608170845,0.745033113,,,,,,,,,,,,
12-28-2021,,Beijing,China,2021-12-29 03:21:43,40.1824,116.4142,1208,9,,,"Beijing, China",5.608170845,0.745033113,,,,,,,,,,,,
12-29-2021,,Beijing,China,2021-12-30 04:21:25,40.1824,116.4142,1209,9,,,"Beijing, China",5.61281337,0.744416873,,,,,,,,,,,,
12-30-2021,,Beijing,China,2021-12-31 04:21:50,40.1824,116.4142,1209,9,,,"Beijing, China",5.61281337,0.744416873,,,,,,,,,,,,
12-31-2021,,Beijing,China,2022-01-01 04:22:14,40.1824,116.4142,1211,9,,,"Beijing, China",5.622098422,0.743187448,,,,,,,,,,,,
01-01-2022,,Beijing,China,2022-01-02 04:20:52,40.1824,116.4142,1211,9,,,"Beijing, China",5.622098422,0.743187448,,,,,,,,,,,,
01-02-2022,,Beijing,China,2022-01-03 02:22:25,40.1824,116.4142,1215,9,,,"Beijing, China",5.640668524,0.740740741,,,,,,,,,,,,
01-03-2022,,Beijing,China,2022-01-04 04:22:17,40.1824,116.4142,1215,9,,,"Beijing, China",5.640668524,0.740740741,,,,,,,,,,,,
01-04-2022,,Beijing,China,2022-01-05 04:21:59,40.1824,116.4142,1216,9,,,"Beijing, China",5.645311049,0.740131579,,,,,,,,,,,,
01-05-2022,,Beijing,China,1/6/2022 4:22,40.1824,116.4142,1216,9,,,"Beijing, China",5.645311049,0.740131579,,,,,,,,,,,,
01-06-2022,,Beijing,China,2022-01-07 04:22:09,40.1824,116.4142,1217,9,,,"Beijing, China",5.649953575,0.739523418,,,,,,,,,,,,
01-07-2022,,Beijing,China,2022-01-08 04:21:53,40.1824,116.4142,1217,9,,,"Beijing, China",5.649953575,0.739523418,,,,,,,,,,,,
01-08-2022,,Beijing,China,2022-01-09 04:21:46,40.1824,116.4142,1218,9,,,"Beijing, China",5.6545961,0.738916256,,,,,,,,,,,,
01-09-2022,,Beijing,China,2022-01-10 04:22:07,40.1824,116.4142,1218,9,,,"Beijing, China",5.6545961,0.738916256,,,,,,,,,,,,
01-10-2022,,Beijing,China,2022-01-11 04:22:01,40.1824,116.4142,1219,9,,,"Beijing, China",5.659238626,0.73831009,,,,,,,,,,,,
01-11-2022,,Beijing,China,2022-01-12 04:21:44,40.1824,116.4142,1221,9,,,"Beijing, China",5.668523677,0.737100737,,,,,,,,,,,,
01-12-2022,,Beijing,China,2022-01-13 08:00:09,40.1824,116.4142,1222,9,,,"Beijing, China",5.673166202,0.736497545,,,,,,,,,,,,
01-13-2022,,Beijing,China,2022-01-14 04:21:54,40.1824,116.4142,1223,9,,,"Beijing, China",5.677808728,0.735895339,,,,,,,,,,,,
01-14-2022,,Beijing,China,2022-01-15 04:21:07,40.1824,116.4142,1223,9,,,"Beijing, China",5.677808728,0.735895339,,,,,,,,,,,,
01-15-2022,,Beijing,China,2022-01-16 04:21:12,40.1824,116.4142,1225,9,,,"Beijing, China",5.687093779,0.734693878,,,,,,,,,,,,
01-16-2022,,Beijing,China,2022-01-17 04:21:08,40.1824,116.4142,1226,9,,,"Beijing, China",5.691736305,0.734094617,,,,,,,,,,,,
01-17-2022,,Beijing,China,2022-01-18 04:21:04,40.1824,116.4142,1230,9,,,"Beijing, China",5.710306407,0.731707317,,,,,,,,,,,,
01-18-2022,,Beijing,China,2022-01-19 04:21:23,40.1824,116.4142,1236,9,,,"Beijing, China",5.73816156,0.72815534,,,,,,,,,,,,
01-19-2022,,Beijing,China,2022-01-20 04:21:07,40.1824,116.4142,1240,9,,,"Beijing, China",5.756731662,0.725806452,,,,,,,,,,,,
01-20-2022,,Beijing,China,2022-01-21 04:21:09,40.1824,116.4142,1247,9,,,"Beijing, China",5.789229341,0.721732157,,,,,,,,,,,,
01-21-2022,,Beijing,China,2022-01-22 04:21:13,40.1824,116.4142,1258,9,,,"Beijing, China",5.840297122,0.715421304,,,,,,,,,,,,
01-22-2022,,Beijing,China,2022-01-23 04:21:13,40.1824,116.4142,1267,9,,,"Beijing, China",5.882079851,0.710339384,,,,,,,,,,,,
01-23-2022,,Beijing,China,2022-01-24 04:21:12,40.1824,116.4142,1274,9,,,"Beijing, China",5.91457753,0.706436421,,,,,,,,,,,,
01-24-2022,,Beijing,China,2022-01-25 04:21:05,40.1824,116.4142,1282,9,,,"Beijing, China",5.951717734,0.702028081,,,,,,,,,,,,
01-25-2022,,Beijing,China,2022-01-26 04:21:07,40.1824,116.4142,1298,9,,,"Beijing, China",6.025998143,0.693374422,,,,,,,,,,,,
01-26-2022,,Beijing,China,2022-01-27 04:21:19,40.1824,116.4142,1303,9,,,"Beijing, China",6.049210771,0.690713738,,,,,,,,,,,,
01-27-2022,,Beijing,China,2022-01-28 04:21:09,40.1824,116.4142,1313,9,,,"Beijing, China",6.095636026,0.685453161,,,,,,,,,,,,
01-28-2022,,Beijing,China,2022-01-29 04:21:10,40.1824,116.4142,1318,9,,,"Beijing, China",6.118848654,0.682852807,,,,,,,,,,,,
01-29-2022,,Beijing,China,2022-01-30 04:21:26,40.1824,116.4142,1341,9,,,"Beijing, China",6.225626741,0.67114094,,,,,,,,,,,,
01-30-2022,,Beijing,China,2022-01-31 04:21:09,40.1824,116.4142,1344,9,,,"Beijing, China",6.239554318,0.669642857,,,,,,,,,,,,
01-31-2022,,Beijing,China,2022-02-01 04:21:11,40.1824,116.4142,1348,9,,,"Beijing, China",6.25812442,0.667655786,,,,,,,,,,,,
02-01-2022,,Beijing,China,2022-02-02 04:21:09,40.1824,116.4142,1351,9,,,"Beijing, China",6.272051996,0.666173205,,,,,,,,,,,,
02-02-2022,,Beijing,China,2022-02-03 04:21:21,40.1824,116.4142,1355,9,,,"Beijing, China",6.290622098,0.664206642,,,,,,,,,,,,
02-03-2022,,Beijing,China,2022-02-04 04:21:10,40.1824,116.4142,1357,9,,,"Beijing, China",6.299907149,0.663227708,,,,,,,,,,,,
02-04-2022,,Beijing,China,2022-02-05 04:21:05,40.1824,116.4142,1358,9,,,"Beijing, China",6.304549675,0.662739323,,,,,,,,,,,,
02-05-2022,,Beijing,China,2022-02-06 04:21:00,40.1824,116.4142,1359,9,,,"Beijing, China",6.309192201,0.662251656,,,,,,,,,,,,
02-06-2022,,Beijing,China,2022-02-07 04:21:05,40.1824,116.4142,1363,9,,,"Beijing, China",6.327762303,0.660308144,,,,,,,,,,,,
02-07-2022,,Beijing,China,2022-02-08 04:21:15,40.1824,116.4142,1364,9,,,"Beijing, China",6.332404828,0.659824047,,,,,,,,,,,,
02-08-2022,,Beijing,China,2022-02-09 04:21:04,40.1824,116.4142,1365,9,,,"Beijing, China",6.337047354,0.659340659,,,,,,,,,,,,
02-09-2022,,Beijing,China,2022-02-10 04:21:14,40.1824,116.4142,1365,9,,,"Beijing, China",6.337047354,0.659340659,,,,,,,,,,,,
02-10-2022,,Beijing,China,2022-02-11 04:21:09,40.1824,116.4142,1365,9,,,"Beijing, China",6.337047354,0.659340659,,,,,,,,,,,,
02-11-2022,,Beijing,China,2022-02-12 04:21:06,40.1824,116.4142,1365,9,,,"Beijing, China",6.337047354,0.659340659,,,,,,,,,,,,
02-12-2022,,Beijing,China,2022-02-13 04:21:00,40.1824,116.4142,1367,9,,,"Beijing, China",6.346332405,0.658376006,,,,,,,,,,,,
02-13-2022,,Beijing,China,2022-02-14 04:20:51,40.1824,116.4142,1367,9,,,"Beijing, China",6.346332405,0.658376006,,,,,,,,,,,,
02-14-2022,,Beijing,China,2022-02-15 04:21:09,40.1824,116.4142,1368,9,,,"Beijing, China",6.35097493,0.657894737,,,,,,,,,,,,
02-15-2022,,Beijing,China,2022-02-16 04:21:10,40.1824,116.4142,1368,9,,,"Beijing, China",6.35097493,0.657894737,,,,,,,,,,,,
02-16-2022,,Beijing,China,2022-02-17 04:20:56,40.1824,116.4142,1368,9,,,"Beijing, China",6.35097493,0.657894737,,,,,,,,,,,,
02-17-2022,,Beijing,China,2022-02-18 04:21:04,40.1824,116.4142,1368,9,,,"Beijing, China",6.35097493,0.657894737,,,,,,,,,,,,
02-18-2022,,Beijing,China,2022-02-19 04:21:11,40.1824,116.4142,1372,9,,,"Beijing, China",6.369545032,0.655976676,,,,,,,,,,,,
02-19-2022,,Beijing,China,2022-02-20 04:21:00,40.1824,116.4142,1378,9,,,"Beijing, China",6.397400186,0.653120464,,,,,,,,,,,,
02-20-2022,,Beijing,China,2022-02-21 04:21:05,40.1824,116.4142,1387,9,,,"Beijing, China",6.439182916,0.64888248,,,,,,,,,,,,
02-21-2022,,Beijing,China,2022-02-22 04:21:01,40.1824,116.4142,1395,9,,,"Beijing, China",6.47632312,0.64516129,,,,,,,,,,,,
02-22-2022,,Beijing,China,2022-02-23 04:21:09,40.1824,116.4142,1413,9,,,"Beijing, China",6.559888579,0.636942675,,,,,,,,,,,,
02-23-2022,,Beijing,China,2022-02-24 04:21:14,40.1824,116.4142,1422,9,,,"Beijing, China",6.601671309,0.632911392,,,,,,,,,,,,
02-24-2022,,Beijing,China,2022-02-25 04:21:11,40.1824,116.4142,1432,9,,,"Beijing, China",6.648096565,0.62849162,,,,,,,,,,,,
02-25-2022,,Beijing,China,2022-02-26 04:21:12,40.1824,116.4142,1437,9,,,"Beijing, China",6.671309192,0.626304802,,,,,,,,,,,,
02-26-2022,,Beijing,China,2022-02-27 04:21:04,40.1824,116.4142,1447,9,,,"Beijing, China",6.717734448,0.621976503,,,,,,,,,,,,
02-27-2022,,Beijing,China,2022-02-28 04:21:05,40.1824,116.4142,1467,9,,,"Beijing, China",6.810584958,0.613496933,,,,,,,,,,,,
02-28-2022,,Beijing,China,2022-03-01 04:21:09,40.1824,116.4142,1479,9,,,"Beijing, China",6.866295265,0.60851927,,,,,,,,,,,,
03-01-2022,,Beijing,China,2022-03-02 04:21:07,40.1824,116.4142,1484,9,,,"Beijing, China",6.889507892,0.606469003,,,,,,,,,,,,
03-02-2022,,Beijing,China,2022-03-03 04:21:01,40.1824,116.4142,1495,9,,,"Beijing, China",6.940575673,0.602006689,,,,,,,,,,,,
03-03-2022,,Beijing,China,2022-03-04 04:21:09,40.1824,116.4142,1504,9,,,"Beijing, China",6.982358403,0.598404255,,,,,,,,,,,,
03-04-2022,,Beijing,China,2022-03-05 04:21:10,40.1824,116.4142,1513,9,,,"Beijing, China",7.024141133,0.594844679,,,,,,,,,,,,
03-05-2022,,Beijing,China,2022-03-06 04:20:49,40.1824,116.4142,1526,9,,,"Beijing, China",7.084493965,0.589777195,,,,,,,,,,,,
03-06-2022,,Beijing,China,2022-03-07 04:20:47,40.1824,116.4142,1532,9,,,"Beijing, China",7.112349118,0.587467363,,,,,,,,,,,,
03-07-2022,,Beijing,China,2022-03-08 04:20:54,40.1824,116.4142,1554,9,,,"Beijing, China",7.21448468,0.579150579,,,,,,,,,,,,
03-08-2022,,Beijing,China,2022-03-09 04:20:59,40.1824,116.4142,1565,9,,,"Beijing, China",7.265552461,0.575079872,,,,,,,,,,,,
03-09-2022,,Beijing,China,2022-03-10 04:20:48,40.1824,116.4142,1583,9,,,"Beijing, China",7.34911792,0.568540745,,,,,,,,,,,,
03-10-2022,,Beijing,China,2022-03-11 04:20:50,40.1824,116.4142,1603,9,,,"Beijing, China",7.441968431,0.561447286,,,,,,,,,,,,
03-11-2022,,Beijing,China,2022-03-12 04:20:50,40.1824,116.4142,1609,9,,,"Beijing, China",7.469823584,0.559353636,,,,,,,,,,,,
03-12-2022,,Beijing,China,2022-03-13 04:20:49,40.1824,116.4142,1627,9,,,"Beijing, China",7.553389044,0.553165335,,,,,,,,,,,,
03-13-2022,,Beijing,China,2022-03-14 04:20:46,40.1824,116.4142,1636,9,,,"Beijing, China",7.595171773,0.550122249,,,,,,,,,,,,
03-14-2022,,Beijing,China,2022-03-15 04:20:47,40.1824,116.4142,1651,9,,,"Beijing, China",7.664809656,0.545124167,,,,,,,,,,,,
03-15-2022,,Beijing,China,2022-03-16 04:20:50,40.1824,116.4142,1663,9,,,"Beijing, China",7.720519963,0.541190619,,,,,,,,,,,,
03-16-2022,,Beijing,China,2022-03-17 04:20:56,40.1824,116.4142,1675,9,,,"Beijing, China",7.776230269,0.537313433,,,,,,,,,,,,
03-17-2022,,Beijing,China,2022-03-18 04:20:55,40.1824,116.4142,1689,9,,,"Beijing, China",7.841225627,0.53285968,,,,,,,,,,,,
03-18-2022,,Beijing,China,2022-03-19 04:20:47,40.1824,116.4142,1700,9,,,"Beijing, China",7.892293408,0.529411765,,,,,,,,,,,,
03-19-2022,,Beijing,China,2022-03-20 04:20:45,40.1824,116.4142,1715,9,,,"Beijing, China",7.961931291,0.524781341,,,,,,,,,,,,
,,,,,,,,,,,,,,,,,,,,,,,,,
,,,,,,,,,,,,,,,,,,,,,,,,,
,,,,,,,,,,,,,,,,,,,,,,,,,
,,,,,,,,,,,,,,,,,,,,,,,,,
,,,,,,,,,,,,,,,,,,,,,,,,,
,,,,,,,,,,,,,,,,,,,,,,,,,
,,,,,,,,,,,,,,,,,,,,,,,,,
,,,,,,,,,,,,,,,,,,,,,,,,,
,,,,,,,,,,,,,,,,,,,,,,,,,
,,,,,,,,,,,,,,,,,,,,,,,,,
,,,,,,,,,,,,,,,,,,,,,,,,,
,,,,,,,,,,,,,,,,,,,,,,,,,
,,,,,,,,,,,,,,,,,,,,,,,,,
,,,,,,,,,,,,,,,,,,,,,,,,,
,,,,,,,,,,,,,,,,,,,,,,,,,
,,,,,,,,,,,,,,,,,,,,,,,,,
,,,,,,,,,,,,,,,,,,,,,,,,,
,,,,,,,,,,,,,,,,,,,,,,,,,
,,,,,,,,,,,,,,,,,,,,,,,,,
,,,,,,,,,,,,,,,,,,,,,,,,,
,,,,,,,,,,,,,,,,,,,,,,,,,
,,,,,,,,,,,,,,,,,,,,,,,,,
,,,,,,,,,,,,,,,,,,,,,,,,,
,,,,,,,,,,,,,,,,,,,,,,,,,
,,,,,,,,,,,,,,,,,,,,,,,,,
,,,,,,,,,,,,,,,,,,,,,,,,,
,,,,,,,,,,,,,,,,,,,,,,,,,
,,,,,,,,,,,,,,,,,,,,,,,,,
,,,,,,,,,,,,,,,,,,,,,,,,,
,,,,,,,,,,,,,,,,,,,,,,,,,
,,,,,,,,,,,,,,,,,,,,,,,,,
,,,,,,,,,,,,,,,,,,,,,,,,,
,,,,,,,,,,,,,,,,,,,,,,,,,
,,,,,,,,,,,,,,,,,,,,,,,,,
,,,,,,,,,,,,,,,,,,,,,,,,,
,,,,,,,,,,,,,,,,,,,,,,,,,
,,,,,,,,,,,,,,,,,,,,,,,,,
,,,,,,,,,,,,,,,,,,,,,,,,,
,,,,,,,,,,,,,,,,,,,,,,,,,
,,,,,,,,,,,,,,,,,,,,,,,,,
,,,,,,,,,,,,,,,,,,,,,,,,,
,,,,,,,,,,,,,,,,,,,,,,,,,
,,,,,,,,,,,,,,,,,,,,,,,,,
,,,,,,,,,,,,,,,,,,,,,,,,,
,,,,,,,,,,,,,,,,,,,,,,,,,
,,,,,,,,,,,,,,,,,,,,,,,,,
,,,,,,,,,,,,,,,,,,,,,,,,,
,,,,,,,,,,,,,,,,,,,,,,,,,
,,,,,,,,,,,,,,,,,,,,,,,,,
,,,,,,,,,,,,,,,,,,,,,,,,,
,,,,,,,,,,,,,,,,,,,,,,,,,
,,,,,,,,,,,,,,,,,,,,,,,,,
,,,,,,,,,,,,,,,,,,,,,,,,,
,,,,,,,,,,,,,,,,,,,,,,,,,
,,,,,,,,,,,,,,,,,,,,,,,,,
,,,,,,,,,,,,,,,,,,,,,,,,,
,,,,,,,,,,,,,,,,,,,,,,,,,
,,,,,,,,,,,,,,,,,,,,,,,,,
,,,,,,,,,,,,,,,,,,,,,,,,,
,,,,,,,,,,,,,,,,,,,,,,,,,
,,,,,,,,,,,,,,,,,,,,,,,,,
,,,,,,,,,,,,,,,,,,,,,,,,,
,,,,,,,,,,,,,,,,,,,,,,,,,
,,,,,,,,,,,,,,,,,,,,,,,,,
,,,,,,,,,,,,,,,,,,,,,,,,,
,,,,,,,,,,,,,,,,,,,,,,,,,
,,,,,,,,,,,,,,,,,,,,,,,,,
,,,,,,,,,,,,,,,,,,,,,,,,,
,,,,,,,,,,,,,,,,,,,,,,,,,
,,,,,,,,,,,,,,,,,,,,,,,,,
,,,,,,,,,,,,,,,,,,,,,,,,,
,,,,,,,,,,,,,,,,,,,,,,,,,
,,,,,,,,,,,,,,,,,,,,,,,,,
,,,,,,,,,,,,,,,,,,,,,,,,,
,,,,,,,,,,,,,,,,,,,,,,,,,
,,,,,,,,,,,,,,,,,,,,,,,,,
,,,,,,,,,,,,,,,,,,,,,,,,,
,,,,,,,,,,,,,,,,,,,,,,,,,
,,,,,,,,,,,,,,,,,,,,,,,,,
,,,,,,,,,,,,,,,,,,,,,,,,,
,,,,,,,,,,,,,,,,,,,,,,,,,
,,,,,,,,,,,,,,,,,,,,,,,,,
,,,,,,,,,,,,,,,,,,,,,,,,,
,,,,,,,,,,,,,,,,,,,,,,,,,
,,,,,,,,,,,,,,,,,,,,,,,,,
,,,,,,,,,,,,,,,,,,,,,,,,,
,,,,,,,,,,,,,,,,,,,,,,,,,
,,,,,,,,,,,,,,,,,,,,,,,,,
,,,,,,,,,,,,,,,,,,,,,,,,,
,,,,,,,,,,,,,,,,,,,,,,,,,
,,,,,,,,,,,,,,,,,,,,,,,,,
,,,,,,,,,,,,,,,,,,,,,,,,,
,,,,,,,,,,,,,,,,,,,,,,,,,
,,,,,,,,,,,,,,,,,,,,,,,,,
,,,,,,,,,,,,,,,,,,,,,,,,,
,,,,,,,,,,,,,,,,,,,,,,,,,
,,,,,,,,,,,,,,,,,,,,,,,,,
,,,,,,,,,,,,,,,,,,,,,,,,,
,,,,,,,,,,,,,,,,,,,,,,,,,
,,,,,,,,,,,,,,,,,,,,,,,,,
,,,,,,,,,,,,,,,,,,,,,,,,,
,,,,,,,,,,,,,,,,,,,,,,,,,
,,,,,,,,,,,,,,,,,,,,,,,,,
,,,,,,,,,,,,,,,,,,,,,,,,,
,,,,,,,,,,,,,,,,,,,,,,,,,
,,,,,,,,,,,,,,,,,,,,,,,,,
,,,,,,,,,,,,,,,,,,,,,,,,,
,,,,,,,,,,,,,,,,,,,,,,,,,
,,,,,,,,,,,,,,,,,,,,,,,,,
,,,,,,,,,,,,,,,,,,,,,,,,,
,,,,,,,,,,,,,,,,,,,,,,,,,
,,,,,,,,,,,,,,,,,,,,,,,,,
,,,,,,,,,,,,,,,,,,,,,,,,,
,,,,,,,,,,,,,,,,,,,,,,,,,
,,,,,,,,,,,,,,,,,,,,,,,,,
,,,,,,,,,,,,,,,,,,,,,,,,,
,,,,,,,,,,,,,,,,,,,,,,,,,
,,,,,,,,,,,,,,,,,,,,,,,,,
,,,,,,,,,,,,,,,,,,,,,,,,,
,,,,,,,,,,,,,,,,,,,,,,,,,
,,,,,,,,,,,,,,,,,,,,,,,,,
,,,,,,,,,,,,,,,,,,,,,,,,,
,,,,,,,,,,,,,,,,,,,,,,,,,
,,,,,,,,,,,,,,,,,,,,,,,,,
,,,,,,,,,,,,,,,,,,,,,,,,,
,,,,,,,,,,,,,,,,,,,,,,,,,
,,,,,,,,,,,,,,,,,,,,,,,,,
,,,,,,,,,,,,,,,,,,,,,,,,,
,,,,,,,,,,,,,,,,,,,,,,,,,
,,,,,,,,,,,,,,,,,,,,,,,,,
,,,,,,,,,,,,,,,,,,,,,,,,,
,,,,,,,,,,,,,,,,,,,,,,,,,
,,,,,,,,,,,,,,,,,,,,,,,,,
,,,,,,,,,,,,,,,,,,,,,,,,,
,,,,,,,,,,,,,,,,,,,,,,,,,
,,,,,,,,,,,,,,,,,,,,,,,,,
,,,,,,,,,,,,,,,,,,,,,,,,,
,,,,,,,,,,,,,,,,,,,,,,,,,
,,,,,,,,,,,,,,,,,,,,,,,,,
,,,,,,,,,,,,,,,,,,,,,,,,,
,,,,,,,,,,,,,,,,,,,,,,,,,
,,,,,,,,,,,,,,,,,,,,,,,,,
,,,,,,,,,,,,,,,,,,,,,,,,,
,,,,,,,,,,,,,,,,,,,,,,,,,
,,,,,,,,,,,,,,,,,,,,,,,,,
,,,,,,,,,,,,,,,,,,,,,,,,,
,,,,,,,,,,,,,,,,,,,,,,,,,
,,,,,,,,,,,,,,,,,,,,,,,,,
,,,,,,,,,,,,,,,,,,,,,,,,,
,,,,,,,,,,,,,,,,,,,,,,,,,
,,,,,,,,,,,,,,,,,,,,,,,,,
,,,,,,,,,,,,,,,,,,,,,,,,,
,,,,,,,,,,,,,,,,,,,,,,,,,
,,,,,,,,,,,,,,,,,,,,,,,,,
,,,,,,,,,,,,,,,,,,,,,,,,,
,,,,,,,,,,,,,,,,,,,,,,,,,
,,,,,,,,,,,,,,,,,,,,,,,,,
,,,,,,,,,,,,,,,,,,,,,,,,,
,,,,,,,,,,,,,,,,,,,,,,,,,
,,,,,,,,,,,,,,,,,,,,,,,,,
,,,,,,,,,,,,,,,,,,,,,,,,,
,,,,,,,,,,,,,,,,,,,,,,,,,
,,,,,,,,,,,,,,,,,,,,,,,,,
,,,,,,,,,,,,,,,,,,,,,,,,,
,,,,,,,,,,,,,,,,,,,,,,,,,
,,,,,,,,,,,,,,,,,,,,,,,,,
,,,,,,,,,,,,,,,,,,,,,,,,,
,,,,,,,,,,,,,,,,,,,,,,,,,
,,,,,,,,,,,,,,,,,,,,,,,,,
,,,,,,,,,,,,,,,,,,,,,,,,,
,,,,,,,,,,,,,,,,,,,,,,,,,
,,,,,,,,,,,,,,,,,,,,,,,,,
,,,,,,,,,,,,,,,,,,,,,,,,,
,,,,,,,,,,,,,,,,,,,,,,,,,
,,,,,,,,,,,,,,,,,,,,,,,,,
,,,,,,,,,,,,,,,,,,,,,,,,,
,,,,,,,,,,,,,,,,,,,,,,,,,
,,,,,,,,,,,,,,,,,,,,,,,,,
,,,,,,,,,,,,,,,,,,,,,,,,,
,,,,,,,,,,,,,,,,,,,,,,,,,
,,,,,,,,,,,,,,,,,,,,,,,,,
,,,,,,,,,,,,,,,,,,,,,,,,,
,,,,,,,,,,,,,,,,,,,,,,,,,
,,,,,,,,,,,,,,,,,,,,,,,,,
,,,,,,,,,,,,,,,,,,,,,,,,,
,,,,,,,,,,,,,,,,,,,,,,,,,
,,,,,,,,,,,,,,,,,,,,,,,,,
,,,,,,,,,,,,,,,,,,,,,,,,,
,,,,,,,,,,,,,,,,,,,,,,,,,
,,,,,,,,,,,,,,,,,,,,,,,,,
,,,,,,,,,,,,,,,,,,,,,,,,,
,,,,,,,,,,,,,,,,,,,,,,,,,
,,,,,,,,,,,,,,,,,,,,,,,,,
,,,,,,,,,,,,,,,,,,,,,,,,,
,,,,,,,,,,,,,,,,,,,,,,,,,
,,,,,,,,,,,,,,,,,,,,,,,,,
,,,,,,,,,,,,,,,,,,,,,,,,,
,,,,,,,,,,,,,,,,,,,,,,,,,
,,,,,,,,,,,,,,,,,,,,,,,,,
,,,,,,,,,,,,,,,,,,,,,,,,,
,,,,,,,,,,,,,,,,,,,,,,,,,
,,,,,,,,,,,,,,,,,,,,,,,,,
,,,,,,,,,,,,,,,,,,,,,,,,,
,,,,,,,,,,,,,,,,,,,,,,,,,
,,,,,,,,,,,,,,,,,,,,,,,,,
,,,,,,,,,,,,,,,,,,,,,,,,,
,,,,,,,,,,,,,,,,,,,,,,,,,
,,,,,,,,,,,,,,,,,,,,,,,,,
,,,,,,,,,,,,,,,,,,,,,,,,,
,,,,,,,,,,,,,,,,,,,,,,,,,
,,,,,,,,,,,,,,,,,,,,,,,,,
,,,,,,,,,,,,,,,,,,,,,,,,,
,,,,,,,,,,,,,,,,,,,,,,,,,
,,,,,,,,,,,,,,,,,,,,,,,,,
,,,,,,,,,,,,,,,,,,,,,,,,,
,,,,,,,,,,,,,,,,,,,,,,,,,
,,,,,,,,,,,,,,,,,,,,,,,,,
,,,,,,,,,,,,,,,,,,,,,,,,,
,,,,,,,,,,,,,,,,,,,,,,,,,
,,,,,,,,,,,,,,,,,,,,,,,,,
,,,,,,,,,,,,,,,,,,,,,,,,,
,,,,,,,,,,,,,,,,,,,,,,,,,
,,,,,,,,,,,,,,,,,,,,,,,,,
,,,,,,,,,,,,,,,,,,,,,,,,,
,,,,,,,,,,,,,,,,,,,,,,,,,
,,,,,,,,,,,,,,,,,,,,,,,,,
,,,,,,,,,,,,,,,,,,,,,,,,,
,,,,,,,,,,,,,,,,,,,,,,,,,
,,,,,,,,,,,,,,,,,,,,,,,,,
,,,,,,,,,,,,,,,,,,,,,,,,,
,,,,,,,,,,,,,,,,,,,,,,,,,
,,,,,,,,,,,,,,,,,,,,,,,,,
,,,,,,,,,,,,,,,,,,,,,,,,,
,,,,,,,,,,,,,,,,,,,,,,,,,
,,,,,,,,,,,,,,,,,,,,,,,,,
,,,,,,,,,,,,,,,,,,,,,,,,,
,,,,,,,,,,,,,,,,,,,,,,,,,
,,,,,,,,,,,,,,,,,,,,,,,,,
,,,,,,,,,,,,,,,,,,,,,,,,,
,,,,,,,,,,,,,,,,,,,,,,,,,
,,,,,,,,,,,,,,,,,,,,,,,,,
,,,,,,,,,,,,,,,,,,,,,,,,,
,,,,,,,,,,,,,,,,,,,,,,,,,
,,,,,,,,,,,,,,,,,,,,,,,,,
,,,,,,,,,,,,,,,,,,,,,,,,,
,,,,,,,,,,,,,,,,,,,,,,,,,
,,,,,,,,,,,,,,,,,,,,,,,,,
,,,,,,,,,,,,,,,,,,,,,,,,,
,,,,,,,,,,,,,,,,,,,,,,,,,
,,,,,,,,,,,,,,,,,,,,,,,,,
,,,,,,,,,,,,,,,,,,,,,,,,,
,,,,,,,,,,,,,,,,,,,,,,,,,
,,,,,,,,,,,,,,,,,,,,,,,,,
,,,,,,,,,,,,,,,,,,,,,,,,,
,,,,,,,,,,,,,,,,,,,,,,,,,
,,,,,,,,,,,,,,,,,,,,,,,,,
,,,,,,,,,,,,,,,,,,,,,,,,,
,,,,,,,,,,,,,,,,,,,,,,,,,
,,,,,,,,,,,,,,,,,,,,,,,,,
,,,,,,,,,,,,,,,,,,,,,,,,,
,,,,,,,,,,,,,,,,,,,,,,,,,
,,,,,,,,,,,,,,,,,,,,,,,,,
,,,,,,,,,,,,,,,,,,,,,,,,,
,,,,,,,,,,,,,,,,,,,,,,,,,
,,,,,,,,,,,,,,,,,,,,,,,,,
,,,,,,,,,,,,,,,,,,,,,,,,,
,,,,,,,,,,,,,,,,,,,,,,,,,
,,,,,,,,,,,,,,,,,,,,,,,,,
,,,,,,,,,,,,,,,,,,,,,,,,,
,,,,,,,,,,,,,,,,,,,,,,,,,
,,,,,,,,,,,,,,,,,,,,,,,,,
,,,,,,,,,,,,,,,,,,,,,,,,,
,,,,,,,,,,,,,,,,,,,,,,,,,
,,,,,,,,,,,,,,,,,,,,,,,,,
,,,,,,,,,,,,,,,,,,,,,,,,,
,,,,,,,,,,,,,,,,,,,,,,,,,
,,,,,,,,,,,,,,,,,,,,,,,,,
,,,,,,,,,,,,,,,,,,,,,,,,,
,,,,,,,,,,,,,,,,,,,,,,,,,
,,,,,,,,,,,,,,,,,,,,,,,,,
,,,,,,,,,,,,,,,,,,,,,,,,,
,,,,,,,,,,,,,,,,,,,,,,,,,
,,,,,,,,,,,,,,,,,,,,,,,,,
,,,,,,,,,,,,,,,,,,,,,,,,,
,,,,,,,,,,,,,,,,,,,,,,,,,
,,,,,,,,,,,,,,,,,,,,,,,,,
,,,,,,,,,,,,,,,,,,,,,,,,,
,,,,,,,,,,,,,,,,,,,,,,,,,
,,,,,,,,,,,,,,,,,,,,,,,,,
,,,,,,,,,,,,,,,,,,,,,,,,,
,,,,,,,,,,,,,,,,,,,,,,,,,
,,,,,,,,,,,,,,,,,,,,,,,,,
,,,,,,,,,,,,,,,,,,,,,,,,,
,,,,,,,,,,,,,,,,,,,,,,,,,
,,,,,,,,,,,,,,,,,,,,,,,,,
,,,,,,,,,,,,,,,,,,,,,,,,,
,,,,,,,,,,,,,,,,,,,,,,,,,
,,,,,,,,,,,,,,,,,,,,,,,,,
,,,,,,,,,,,,,,,,,,,,,,,,,
,,,,,,,,,,,,,,,,,,,,,,,,,
,,,,,,,,,,,,,,,,,,,,,,,,,
,,,,,,,,,,,,,,,,,,,,,,,,,
,,,,,,,,,,,,,,,,,,,,,,,,,
,,,,,,,,,,,,,,,,,,,,,,,,,
,,,,,,,,,,,,,,,,,,,,,,,,,
,,,,,,,,,,,,,,,,,,,,,,,,,
,,,,,,,,,,,,,,,,,,,,,,,,,
,,,,,,,,,,,,,,,,,,,,,,,,,
,,,,,,,,,,,,,,,,,,,,,,,,,
,,,,,,,,,,,,,,,,,,,,,,,,,
,,,,,,,,,,,,,,,,,,,,,,,,,
,,,,,,,,,,,,,,,,,,,,,,,,,
,,,,,,,,,,,,,,,,,,,,,,,,,
,,,,,,,,,,,,,,,,,,,,,,,,,
,,,,,,,,,,,,,,,,,,,,,,,,,
,,,,,,,,,,,,,,,,,,,,,,,,,
,,,,,,,,,,,,,,,,,,,,,,,,,
,,,,,,,,,,,,,,,,,,,,,,,,,
,,,,,,,,,,,,,,,,,,,,,,,,,
,,,,,,,,,,,,,,,,,,,,,,,,,
,,,,,,,,,,,,,,,,,,,,,,,,,
,,,,,,,,,,,,,,,,,,,,,,,,,
,,,,,,,,,,,,,,,,,,,,,,,,,
,,,,,,,,,,,,,,,,,,,,,,,,,
,,,,,,,,,,,,,,,,,,,,,,,,,
,,,,,,,,,,,,,,,,,,,,,,,,,
,,,,,,,,,,,,,,,,,,,,,,,,,
,,,,,,,,,,,,,,,,,,,,,,,,,
,,,,,,,,,,,,,,,,,,,,,,,,,
,,,,,,,,,,,,,,,,,,,,,,,,,
,,,,,,,,,,,,,,,,,,,,,,,,,
,,,,,,,,,,,,,,,,,,,,,,,,,
,,,,,,,,,,,,,,,,,,,,,,,,,
,,,,,,,,,,,,,,,,,,,,,,,,,
,,,,,,,,,,,,,,,,,,,,,,,,,
,,,,,,,,,,,,,,,,,,,,,,,,,
,,,,,,,,,,,,,,,,,,,,,,,,,
,,,,,,,,,,,,,,,,,,,,,,,,,
,,,,,,,,,,,,,,,,,,,,,,,,,
,,,,,,,,,,,,,,,,,,,,,,,,,
,,,,,,,,,,,,,,,,,,,,,,,,,
,,,,,,,,,,,,,,,,,,,,,,,,,
,,,,,,,,,,,,,,,,,,,,,,,,,
,,,,,,,,,,,,,,,,,,,,,,,,,
,,,,,,,,,,,,,,,,,,,,,,,,,
,,,,,,,,,,,,,,,,,,,,,,,,,
,,,,,,,,,,,,,,,,,,,,,,,,,
,,,,,,,,,,,,,,,,,,,,,,,,,
,,,,,,,,,,,,,,,,,,,,,,,,,
,,,,,,,,,,,,,,,,,,,,,,,,,
,,,,,,,,,,,,,,,,,,,,,,,,,
,,,,,,,,,,,,,,,,,,,,,,,,,
,,,,,,,,,,,,,,,,,,,,,,,,,
,,,,,,,,,,,,,,,,,,,,,,,,,
,,,,,,,,,,,,,,,,,,,,,,,,,
,,,,,,,,,,,,,,,,,,,,,,,,,
,,,,,,,,,,,,,,,,,,,,,,,,,
,,,,,,,,,,,,,,,,,,,,,,,,,
,,,,,,,,,,,,,,,,,,,,,,,,,
,,,,,,,,,,,,,,,,,,,,,,,,,
,,,,,,,,,,,,,,,,,,,,,,,,,
,,,,,,,,,,,,,,,,,,,,,,,,,
,,,,,,,,,,,,,,,,,,,,,,,,,
,,,,,,,,,,,,,,,,,,,,,,,,,
,,,,,,,,,,,,,,,,,,,,,,,,,
,,,,,,,,,,,,,,,,,,,,,,,,,
,,,,,,,,,,,,,,,,,,,,,,,,,
,,,,,,,,,,,,,,,,,,,,,,,,,
,,,,,,,,,,,,,,,,,,,,,,,,,
,,,,,,,,,,,,,,,,,,,,,,,,,
,,,,,,,,,,,,,,,,,,,,,,,,,
,,,,,,,,,,,,,,,,,,,,,,,,,
,,,,,,,,,,,,,,,,,,,,,,,,,
,,,,,,,,,,,,,,,,,,,,,,,,,
,,,,,,,,,,,,,,,,,,,,,,,,,
,,,,,,,,,,,,,,,,,,,,,,,,,
,,,,,,,,,,,,,,,,,,,,,,,,,
,,,,,,,,,,,,,,,,,,,,,,,,,
,,,,,,,,,,,,,,,,,,,,,,,,,
,,,,,,,,,,,,,,,,,,,,,,,,,
,,,,,,,,,,,,,,,,,,,,,,,,,
,,,,,,,,,,,,,,,,,,,,,,,,,
,,,,,,,,,,,,,,,,,,,,,,,,,
,,,,,,,,,,,,,,,,,,,,,,,,,
,,,,,,,,,,,,,,,,,,,,,,,,,
,,,,,,,,,,,,,,,,,,,,,,,,,
,,,,,,,,,,,,,,,,,,,,,,,,,
,,,,,,,,,,,,,,,,,,,,,,,,,
,,,,,,,,,,,,,,,,,,,,,,,,,
,,,,,,,,,,,,,,,,,,,,,,,,,
,,,,,,,,,,,,,,,,,,,,,,,,,
,,,,,,,,,,,,,,,,,,,,,,,,,
,,,,,,,,,,,,,,,,,,,,,,,,,
,,,,,,,,,,,,,,,,,,,,,,,,,
,,,,,,,,,,,,,,,,,,,,,,,,,
,,,,,,,,,,,,,,,,,,,,,,,,,
,,,,,,,,,,,,,,,,,,,,,,,,,
,,,,,,,,,,,,,,,,,,,,,,,,,
,,,,,,,,,,,,,,,,,,,,,,,,,
,,,,,,,,,,,,,,,,,,,,,,,,,
,,,,,,,,,,,,,,,,,,,,,,,,,
,,,,,,,,,,,,,,,,,,,,,,,,,
,,,,,,,,,,,,,,,,,,,,,,,,,
,,,,,,,,,,,,,,,,,,,,,,,,,
,,,,,,,,,,,,,,,,,,,,,,,,,
,,,,,,,,,,,,,,,,,,,,,,,,,
,,,,,,,,,,,,,,,,,,,,,,,,,
,,,,,,,,,,,,,,,,,,,,,,,,,
,,,,,,,,,,,,,,,,,,,,,,,,,
,,,,,,,,,,,,,,,,,,,,,,,,,
,,,,,,,,,,,,,,,,,,,,,,,,,
,,,,,,,,,,,,,,,,,,,,,,,,,
,,,,,,,,,,,,,,,,,,,,,,,,,
,,,,,,,,,,,,,,,,,,,,,,,,,
,,,,,,,,,,,,,,,,,,,,,,,,,
,,,,,,,,,,,,,,,,,,,,,,,,,
,,,,,,,,,,,,,,,,,,,,,,,,,
,,,,,,,,,,,,,,,,,,,,,,,,,
,,,,,,,,,,,,,,,,,,,,,,,,,
,,,,,,,,,,,,,,,,,,,,,,,,,
,,,,,,,,,,,,,,,,,,,,,,,,,
,,,,,,,,,,,,,,,,,,,,,,,,,
,,,,,,,,,,,,,,,,,,,,,,,,,
,,,,,,,,,,,,,,,,,,,,,,,,,
,,,,,,,,,,,,,,,,,,,,,,,,,
,,,,,,,,,,,,,,,,,,,,,,,,,
,,,,,,,,,,,,,,,,,,,,,,,,,
,,,,,,,,,,,,,,,,,,,,,,,,,
,,,,,,,,,,,,,,,,,,,,,,,,,
,,,,,,,,,,,,,,,,,,,,,,,,,
,,,,,,,,,,,,,,,,,,,,,,,,,
,,,,,,,,,,,,,,,,,,,,,,,,,
,,,,,,,,,,,,,,,,,,,,,,,,,
,,,,,,,,,,,,,,,,,,,,,,,,,
,,,,,,,,,,,,,,,,,,,,,,,,,
,,,,,,,,,,,,,,,,,,,,,,,,,
,,,,,,,,,,,,,,,,,,,,,,,,,
,,,,,,,,,,,,,,,,,,,,,,,,,
,,,,,,,,,,,,,,,,,,,,,,,,,
,,,,,,,,,,,,,,,,,,,,,,,,,
,,,,,,,,,,,,,,,,,,,,,,,,,
,,,,,,,,,,,,,,,,,,,,,,,,,
,,,,,,,,,,,,,,,,,,,,,,,,,
,,,,,,,,,,,,,,,,,,,,,,,,,
,,,,,,,,,,,,,,,,,,,,,,,,,
,,,,,,,,,,,,,,,,,,,,,,,,,
,,,,,,,,,,,,,,,,,,,,,,,,,
,,,,,,,,,,,,,,,,,,,,,,,,,
,,,,,,,,,,,,,,,,,,,,,,,,,
,,,,,,,,,,,,,,,,,,,,,,,,,
,,,,,,,,,,,,,,,,,,,,,,,,,
,,,,,,,,,,,,,,,,,,,,,,,,,
,,,,,,,,,,,,,,,,,,,,,,,,,
,,,,,,,,,,,,,,,,,,,,,,,,,
,,,,,,,,,,,,,,,,,,,,,,,,,
,,,,,,,,,,,,,,,,,,,,,,,,,
,,,,,,,,,,,,,,,,,,,,,,,,,
,,,,,,,,,,,,,,,,,,,,,,,,,
,,,,,,,,,,,,,,,,,,,,,,,,,
,,,,,,,,,,,,,,,,,,,,,,,,,
,,,,,,,,,,,,,,,,,,,,,,,,,
,,,,,,,,,,,,,,,,,,,,,,,,,
,,,,,,,,,,,,,,,,,,,,,,,,,
,,,,,,,,,,,,,,,,,,,,,,,,,
,,,,,,,,,,,,,,,,,,,,,,,,,
,,,,,,,,,,,,,,,,,,,,,,,,,
,,,,,,,,,,,,,,,,,,,,,,,,,
,,,,,,,,,,,,,,,,,,,,,,,,,
,,,,,,,,,,,,,,,,,,,,,,,,,
,,,,,,,,,,,,,,,,,,,,,,,,,
,,,,,,,,,,,,,,,,,,,,,,,,,
,,,,,,,,,,,,,,,,,,,,,,,,,
,,,,,,,,,,,,,,,,,,,,,,,,,
,,,,,,,,,,,,,,,,,,,,,,,,,
,,,,,,,,,,,,,,,,,,,,,,,,,
,,,,,,,,,,,,,,,,,,,,,,,,,
,,,,,,,,,,,,,,,,,,,,,,,,,
,,,,,,,,,,,,,,,,,,,,,,,,,
,,,,,,,,,,,,,,,,,,,,,,,,,
,,,,,,,,,,,,,,,,,,,,,,,,,
,,,,,,,,,,,,,,,,,,,,,,,,,
,,,,,,,,,,,,,,,,,,,,,,,,,
,,,,,,,,,,,,,,,,,,,,,,,,,
,,,,,,,,,,,,,,,,,,,,,,,,,
,,,,,,,,,,,,,,,,,,,,,,,,,
,,,,,,,,,,,,,,,,,,,,,,,,,
,,,,,,,,,,,,,,,,,,,,,,,,,
,,,,,,,,,,,,,,,,,,,,,,,,,
,,,,,,,,,,,,,,,,,,,,,,,,,
,,,,,,,,,,,,,,,,,,,,,,,,,
,,,,,,,,,,,,,,,,,,,,,,,,,
,,,,,,,,,,,,,,,,,,,,,,,,,
,,,,,,,,,,,,,,,,,,,,,,,,,
,,,,,,,,,,,,,,,,,,,,,,,,,
,,,,,,,,,,,,,,,,,,,,,,,,,
,,,,,,,,,,,,,,,,,,,,,,,,,
,,,,,,,,,,,,,,,,,,,,,,,,,
,,,,,,,,,,,,,,,,,,,,,,,,,
,,,,,,,,,,,,,,,,,,,,,,,,,
,,,,,,,,,,,,,,,,,,,,,,,,,
,,,,,,,,,,,,,,,,,,,,,,,,,
,,,,,,,,,,,,,,,,,,,,,,,,,
,,,,,,,,,,,,,,,,,,,,,,,,,
,,,,,,,,,,,,,,,,,,,,,,,,,
,,,,,,,,,,,,,,,,,,,,,,,,,
,,,,,,,,,,,,,,,,,,,,,,,,,
,,,,,,,,,,,,,,,,,,,,,,,,,
,,,,,,,,,,,,,,,,,,,,,,,,,
,,,,,,,,,,,,,,,,,,,,,,,,,
,,,,,,,,,,,,,,,,,,,,,,,,,
,,,,,,,,,,,,,,,,,,,,,,,,,
,,,,,,,,,,,,,,,,,,,,,,,,,
,,,,,,,,,,,,,,,,,,,,,,,,,
,,,,,,,,,,,,,,,,,,,,,,,,,
,,,,,,,,,,,,,,,,,,,,,,,,,
,,,,,,,,,,,,,,,,,,,,,,,,,
,,,,,,,,,,,,,,,,,,,,,,,,,
,,,,,,,,,,,,,,,,,,,,,,,,,
,,,,,,,,,,,,,,,,,,,,,,,,,
,,,,,,,,,,,,,,,,,,,,,,,,,
,,,,,,,,,,,,,,,,,,,,,,,,,
,,,,,,,,,,,,,,,,,,,,,,,,,
,,,,,,,,,,,,,,,,,,,,,,,,,
,,,,,,,,,,,,,,,,,,,,,,,,,
,,,,,,,,,,,,,,,,,,,,,,,,,
,,,,,,,,,,,,,,,,,,,,,,,,,
,,,,,,,,,,,,,,,,,,,,,,,,,
,,,,,,,,,,,,,,,,,,,,,,,,,
,,,,,,,,,,,,,,,,,,,,,,,,,
,,,,,,,,,,,,,,,,,,,,,,,,,
,,,,,,,,,,,,,,,,,,,,,,,,,
,,,,,,,,,,,,,,,,,,,,,,,,,
,,,,,,,,,,,,,,,,,,,,,,,,,
,,,,,,,,,,,,,,,,,,,,,,,,,
,,,,,,,,,,,,,,,,,,,,,,,,,
,,,,,,,,,,,,,,,,,,,,,,,,,
,,,,,,,,,,,,,,,,,,,,,,,,,
,,,,,,,,,,,,,,,,,,,,,,,,,
,,,,,,,,,,,,,,,,,,,,,,,,,
,,,,,,,,,,,,,,,,,,,,,,,,,
,,,,,,,,,,,,,,,,,,,,,,,,,
,,,,,,,,,,,,,,,,,,,,,,,,,
,,,,,,,,,,,,,,,,,,,,,,,,,
,,,,,,,,,,,,,,,,,,,,,,,,,
,,,,,,,,,,,,,,,,,,,,,,,,,
,,,,,,,,,,,,,,,,,,,,,,,,,
,,,,,,,,,,,,,,,,,,,,,,,,,
,,,,,,,,,,,,,,,,,,,,,,,,,
,,,,,,,,,,,,,,,,,,,,,,,,,
,,,,,,,,,,,,,,,,,,,,,,,,,
,,,,,,,,,,,,,,,,,,,,,,,,,
,,,,,,,,,,,,,,,,,,,,,,,,,
,,,,,,,,,,,,,,,,,,,,,,,,,
,,,,,,,,,,,,,,,,,,,,,,,,,
,,,,,,,,,,,,,,,,,,,,,,,,,
,,,,,,,,,,,,,,,,,,,,,,,,,
,,,,,,,,,,,,,,,,,,,,,,,,,
,,,,,,,,,,,,,,,,,,,,,,,,,
,,,,,,,,,,,,,,,,,,,,,,,,,
,,,,,,,,,,,,,,,,,,,,,,,,,
,,,,,,,,,,,,,,,,,,,,,,,,,
,,,,,,,,,,,,,,,,,,,,,,,,,
,,,,,,,,,,,,,,,,,,,,,,,,,
,,,,,,,,,,,,,,,,,,,,,,,,,
,,,,,,,,,,,,,,,,,,,,,,,,,
,,,,,,,,,,,,,,,,,,,,,,,,,
,,,,,,,,,,,,,,,,,,,,,,,,,
,,,,,,,,,,,,,,,,,,,,,,,,,
,,,,,,,,,,,,,,,,,,,,,,,,,
,,,,,,,,,,,,,,,,,,,,,,,,,
,,,,,,,,,,,,,,,,,,,,,,,,,
,,,,,,,,,,,,,,,,,,,,,,,,,
,,,,,,,,,,,,,,,,,,,,,,,,,
,,,,,,,,,,,,,,,,,,,,,,,,,
,,,,,,,,,,,,,,,,,,,,,,,,,
,,,,,,,,,,,,,,,,,,,,,,,,,
,,,,,,,,,,,,,,,,,,,,,,,,,
,,,,,,,,,,,,,,,,,,,,,,,,,
,,,,,,,,,,,,,,,,,,,,,,,,,
,,,,,,,,,,,,,,,,,,,,,,,,,
,,,,,,,,,,,,,,,,,,,,,,,,,
,,,,,,,,,,,,,,,,,,,,,,,,,
,,,,,,,,,,,,,,,,,,,,,,,,,
,,,,,,,,,,,,,,,,,,,,,,,,,
,,,,,,,,,,,,,,,,,,,,,,,,,
,,,,,,,,,,,,,,,,,,,,,,,,,
,,,,,,,,,,,,,,,,,,,,,,,,,
,,,,,,,,,,,,,,,,,,,,,,,,,
,,,,,,,,,,,,,,,,,,,,,,,,,
,,,,,,,,,,,,,,,,,,,,,,,,,
,,,,,,,,,,,,,,,,,,,,,,,,,
,,,,,,,,,,,,,,,,,,,,,,,,,
,,,,,,,,,,,,,,,,,,,,,,,,,
,,,,,,,,,,,,,,,,,,,,,,,,,
,,,,,,,,,,,,,,,,,,,,,,,,,
,,,,,,,,,,,,,,,,,,,,,,,,,
,,,,,,,,,,,,,,,,,,,,,,,,,
,,,,,,,,,,,,,,,,,,,,,,,,,
,,,,,,,,,,,,,,,,,,,,,,,,,
,,,,,,,,,,,,,,,,,,,,,,,,,
,,,,,,,,,,,,,,,,,,,,,,,,,
,,,,,,,,,,,,,,,,,,,,,,,,,
,,,,,,,,,,,,,,,,,,,,,,,,,
,,,,,,,,,,,,,,,,,,,,,,,,,
,,,,,,,,,,,,,,,,,,,,,,,,,
,,,,,,,,,,,,,,,,,,,,,,,,,
,,,,,,,,,,,,,,,,,,,,,,,,,
,,,,,,,,,,,,,,,,,,,,,,,,,
,,,,,,,,,,,,,,,,,,,,,,,,,
,,,,,,,,,,,,,,,,,,,,,,,,,
,,,,,,,,,,,,,,,,,,,,,,,,,
,,,,,,,,,,,,,,,,,,,,,,,,,
,,,,,,,,,,,,,,,,,,,,,,,,,
,,,,,,,,,,,,,,,,,,,,,,,,,
,,,,,,,,,,,,,,,,,,,,,,,,,
,,,,,,,,,,,,,,,,,,,,,,,,,
,,,,,,,,,,,,,,,,,,,,,,,,,
,,,,,,,,,,,,,,,,,,,,,,,,,
,,,,,,,,,,,,,,,,,,,,,,,,,
,,,,,,,,,,,,,,,,,,,,,,,,,
,,,,,,,,,,,,,,,,,,,,,,,,,
,,,,,,,,,,,,,,,,,,,,,,,,,
,,,,,,,,,,,,,,,,,,,,,,,,,
,,,,,,,,,,,,,,,,,,,,,,,,,
,,,,,,,,,,,,,,,,,,,,,,,,,
,,,,,,,,,,,,,,,,,,,,,,,,,
,,,,,,,,,,,,,,,,,,,,,,,,,
,,,,,,,,,,,,,,,,,,,,,,,,,
,,,,,,,,,,,,,,,,,,,,,,,,,
,,,,,,,,,,,,,,,,,,,,,,,,,
,,,,,,,,,,,,,,,,,,,,,,,,,
,,,,,,,,,,,,,,,,,,,,,,,,,
,,,,,,,,,,,,,,,,,,,,,,,,,
,,,,,,,,,,,,,,,,,,,,,,,,,
,,,,,,,,,,,,,,,,,,,,,,,,,
,,,,,,,,,,,,,,,,,,,,,,,,,
,,,,,,,,,,,,,,,,,,,,,,,,,
,,,,,,,,,,,,,,,,,,,,,,,,,
,,,,,,,,,,,,,,,,,,,,,,,,,
,,,,,,,,,,,,,,,,,,,,,,,,,
,,,,,,,,,,,,,,,,,,,,,,,,,
,,,,,,,,,,,,,,,,,,,,,,,,,
,,,,,,,,,,,,,,,,,,,,,,,,,
,,,,,,,,,,,,,,,,,,,,,,,,,
,,,,,,,,,,,,,,,,,,,,,,,,,
,,,,,,,,,,,,,,,,,,,,,,,,,
,,,,,,,,,,,,,,,,,,,,,,,,,
,,,,,,,,,,,,,,,,,,,,,,,,,
,,,,,,,,,,,,,,,,,,,,,,,,,
,,,,,,,,,,,,,,,,,,,,,,,,,
,,,,,,,,,,,,,,,,,,,,,,,,,
,,,,,,,,,,,,,,,,,,,,,,,,,
,,,,,,,,,,,,,,,,,,,,,,,,,
,,,,,,,,,,,,,,,,,,,,,,,,,
,,,,,,,,,,,,,,,,,,,,,,,,,
,,,,,,,,,,,,,,,,,,,,,,,,,
,,,,,,,,,,,,,,,,,,,,,,,,,
,,,,,,,,,,,,,,,,,,,,,,,,,
,,,,,,,,,,,,,,,,,,,,,,,,,
,,,,,,,,,,,,,,,,,,,,,,,,,
,,,,,,,,,,,,,,,,,,,,,,,,,
,,,,,,,,,,,,,,,,,,,,,,,,,
,,,,,,,,,,,,,,,,,,,,,,,,,
,,,,,,,,,,,,,,,,,,,,,,,,,
,,,,,,,,,,,,,,,,,,,,,,,,,
,,,,,,,,,,,,,,,,,,,,,,,,,
,,,,,,,,,,,,,,,,,,,,,,,,,
,,,,,,,,,,,,,,,,,,,,,,,,,
,,,,,,,,,,,,,,,,,,,,,,,,,
,,,,,,,,,,,,,,,,,,,,,,,,,
,,,,,,,,,,,,,,,,,,,,,,,,,
,,,,,,,,,,,,,,,,,,,,,,,,,
,,,,,,,,,,,,,,,,,,,,,,,,,
,,,,,,,,,,,,,,,,,,,,,,,,,
,,,,,,,,,,,,,,,,,,,,,,,,,
,,,,,,,,,,,,,,,,,,,,,,,,,
,,,,,,,,,,,,,,,,,,,,,,,,,
,,,,,,,,,,,,,,,,,,,,,,,,,
,,,,,,,,,,,,,,,,,,,,,,,,,
,,,,,,,,,,,,,,,,,,,,,,,,,
,,,,,,,,,,,,,,,,,,,,,,,,,
,,,,,,,,,,,,,,,,,,,,,,,,,
,,,,,,,,,,,,,,,,,,,,,,,,,
,,,,,,,,,,,,,,,,,,,,,,,,,
,,,,,,,,,,,,,,,,,,,,,,,,,
,,,,,,,,,,,,,,,,,,,,,,,,,
,,,,,,,,,,,,,,,,,,,,,,,,,
,,,,,,,,,,,,,,,,,,,,,,,,,
,,,,,,,,,,,,,,,,,,,,,,,,,
,,,,,,,,,,,,,,,,,,,,,,,,,
,,,,,,,,,,,,,,,,,,,,,,,,,
,,,,,,,,,,,,,,,,,,,,,,,,,
,,,,,,,,,,,,,,,,,,,,,,,,,
,,,,,,,,,,,,,,,,,,,,,,,,,
,,,,,,,,,,,,,,,,,,,,,,,,,
,,,,,,,,,,,,,,,,,,,,,,,,,
,,,,,,,,,,,,,,,,,,,,,,,,,
,,,,,,,,,,,,,,,,,,,,,,,,,
,,,,,,,,,,,,,,,,,,,,,,,,,
,,,,,,,,,,,,,,,,,,,,,,,,,
,,,,,,,,,,,,,,,,,,,,,,,,,
,,,,,,,,,,,,,,,,,,,,,,,,,
,,,,,,,,,,,,,,,,,,,,,,,,,
,,,,,,,,,,,,,,,,,,,,,,,,,
,,,,,,,,,,,,,,,,,,,,,,,,,
,,,,,,,,,,,,,,,,,,,,,,,,,
,,,,,,,,,,,,,,,,,,,,,,,,,
,,,,,,,,,,,,,,,,,,,,,,,,,
,,,,,,,,,,,,,,,,,,,,,,,,,
,,,,,,,,,,,,,,,,,,,,,,,,,
,,,,,,,,,,,,,,,,,,,,,,,,,
,,,,,,,,,,,,,,,,,,,,,,,,,
,,,,,,,,,,,,,,,,,,,,,,,,,
,,,,,,,,,,,,,,,,,,,,,,,,,
,,,,,,,,,,,,,,,,,,,,,,,,,
,,,,,,,,,,,,,,,,,,,,,,,,,
,,,,,,,,,,,,,,,,,,,,,,,,,
,,,,,,,,,,,,,,,,,,,,,,,,,
,,,,,,,,,,,,,,,,,,,,,,,,,
,,,,,,,,,,,,,,,,,,,,,,,,,
,,,,,,,,,,,,,,,,,,,,,,,,,
,,,,,,,,,,,,,,,,,,,,,,,,,
,,,,,,,,,,,,,,,,,,,,,,,,,
,,,,,,,,,,,,,,,,,,,,,,,,,
,,,,,,,,,,,,,,,,,,,,,,,,,
,,,,,,,,,,,,,,,,,,,,,,,,,
,,,,,,,,,,,,,,,,,,,,,,,,,
,,,,,,,,,,,,,,,,,,,,,,,,,
,,,,,,,,,,,,,,,,,,,,,,,,,
,,,,,,,,,,,,,,,,,,,,,,,,,
,,,,,,,,,,,,,,,,,,,,,,,,,
,,,,,,,,,,,,,,,,,,,,,,,,,
,,,,,,,,,,,,,,,,,,,,,,,,,
,,,,,,,,,,,,,,,,,,,,,,,,,
,,,,,,,,,,,,,,,,,,,,,,,,,
,,,,,,,,,,,,,,,,,,,,,,,,,
,,,,,,,,,,,,,,,,,,,,,,,,,
,,,,,,,,,,,,,,,,,,,,,,,,,
,,,,,,,,,,,,,,,,,,,,,,,,,
,,,,,,,,,,,,,,,,,,,,,,,,,
,,,,,,,,,,,,,,,,,,,,,,,,,
,,,,,,,,,,,,,,,,,,,,,,,,,
,,,,,,,,,,,,,,,,,,,,,,,,,
,,,,,,,,,,,,,,,,,,,,,,,,,
,,,,,,,,,,,,,,,,,,,,,,,,,
,,,,,,,,,,,,,,,,,,,,,,,,,
,,,,,,,,,,,,,,,,,,,,,,,,,
,,,,,,,,,,,,,,,,,,,,,,,,,
,,,,,,,,,,,,,,,,,,,,,,,,,
,,,,,,,,,,,,,,,,,,,,,,,,,
,,,,,,,,,,,,,,,,,,,,,,,,,
,,,,,,,,,,,,,,,,,,,,,,,,,
,,,,,,,,,,,,,,,,,,,,,,,,,
,,,,,,,,,,,,,,,,,,,,,,,,,
,,,,,,,,,,,,,,,,,,,,,,,,,
,,,,,,,,,,,,,,,,,,,,,,,,,
,,,,,,,,,,,,,,,,,,,,,,,,,
,,,,,,,,,,,,,,,,,,,,,,,,,
,,,,,,,,,,,,,,,,,,,,,,,,,
,,,,,,,,,,,,,,,,,,,,,,,,,
,,,,,,,,,,,,,,,,,,,,,,,,,
,,,,,,,,,,,,,,,,,,,,,,,,,
,,,,,,,,,,,,,,,,,,,,,,,,,
,,,,,,,,,,,,,,,,,,,,,,,,,
,,,,,,,,,,,,,,,,,,,,,,,,,
,,,,,,,,,,,,,,,,,,,,,,,,,
,,,,,,,,,,,,,,,,,,,,,,,,,
,,,,,,,,,,,,,,,,,,,,,,,,,
,,,,,,,,,,,,,,,,,,,,,,,,,
,,,,,,,,,,,,,,,,,,,,,,,,,
,,,,,,,,,,,,,,,,,,,,,,,,,
,,,,,,,,,,,,,,,,,,,,,,,,,
,,,,,,,,,,,,,,,,,,,,,,,,,
,,,,,,,,,,,,,,,,,,,,,,,,,
,,,,,,,,,,,,,,,,,,,,,,,,,
,,,,,,,,,,,,,,,,,,,,,,,,,
,,,,,,,,,,,,,,,,,,,,,,,,,
,,,,,,,,,,,,,,,,,,,,,,,,,
,,,,,,,,,,,,,,,,,,,,,,,,,
,,,,,,,,,,,,,,,,,,,,,,,,,
,,,,,,,,,,,,,,,,,,,,,,,,,
,,,,,,,,,,,,,,,,,,,,,,,,,
,,,,,,,,,,,,,,,,,,,,,,,,,
,,,,,,,,,,,,,,,,,,,,,,,,,
,,,,,,,,,,,,,,,,,,,,,,,,,
,,,,,,,,,,,,,,,,,,,,,,,,,
,,,,,,,,,,,,,,,,,,,,,,,,,
,,,,,,,,,,,,,,,,,,,,,,,,,
,,,,,,,,,,,,,,,,,,,,,,,,,
,,,,,,,,,,,,,,,,,,,,,,,,,
,,,,,,,,,,,,,,,,,,,,,,,,,
,,,,,,,,,,,,,,,,,,,,,,,,,
,,,,,,,,,,,,,,,,,,,,,,,,,
,,,,,,,,,,,,,,,,,,,,,,,,,
,,,,,,,,,,,,,,,,,,,,,,,,,
,,,,,,,,,,,,,,,,,,,,,,,,,
,,,,,,,,,,,,,,,,,,,,,,,,,
,,,,,,,,,,,,,,,,,,,,,,,,,
,,,,,,,,,,,,,,,,,,,,,,,,,
